{
  "model_name": "Linear SVM",
  "main_metrics": {
    "accuracy": 0.9125,
    "precision_weighted": 0.9178914901523598,
    "recall_weighted": 0.9125,
    "f1_weighted": 0.9105488946107247,
    "precision_macro": 0.917613712374582,
    "recall_macro": 0.9110362318840581,
    "f1_macro": 0.9095374373962601
  },
  "classification_report": {
    "ЖКХ": {
      "precision": 1.0,
      "recall": 0.96,
      "f1-score": 0.9795918367346939,
      "support": 25.0
    },
    "дороги": {
      "precision": 0.8,
      "recall": 0.8333333333333334,
      "f1-score": 0.816326530612245,
      "support": 24.0
    },
    "интернет": {
      "precision": 1.0,
      "recall": 1.0,
      "f1-score": 1.0,
      "support": 24.0
    },
    "коррупция": {
      "precision": 0.9333333333333333,
      "recall": 0.6086956521739131,
      "f1-score": 0.7368421052631579,
      "support": 23.0
    },
    "медицина": {
      "precision": 0.96,
      "recall": 1.0,
      "f1-score": 0.9795918367346939,
      "support": 24.0
    },
    "образование": {
      "precision": 0.7666666666666667,
      "recall": 0.9583333333333334,
      "f1-score": 0.8518518518518519,
      "support": 24.0
    },
    "общественный транспорт": {
      "precision": 0.9565217391304348,
      "recall": 0.9166666666666666,
      "f1-score": 0.9361702127659574,
      "support": 24.0
    },
    "полиция": {
      "precision": 0.8846153846153846,
      "recall": 0.9583333333333334,
      "f1-score": 0.9199999999999999,
      "support": 24.0
    },
    "соцподдержка": {
      "precision": 0.9166666666666666,
      "recall": 0.9166666666666666,
      "f1-score": 0.9166666666666666,
      "support": 24.0
    },
    "экология": {
      "precision": 0.9583333333333334,
      "recall": 0.9583333333333334,
      "f1-score": 0.9583333333333334,
      "support": 24.0
    },
    "accuracy": 0.9125,
    "macro avg": {
      "precision": 0.917613712374582,
      "recall": 0.9110362318840581,
      "f1-score": 0.9095374373962601,
      "support": 240.0
    },
    "weighted avg": {
      "precision": 0.9178914901523598,
      "recall": 0.9125,
      "f1-score": 0.9105488946107247,
      "support": 240.0
    }
  },
  "class_names": [
    "ЖКХ",
    "дороги",
    "интернет",
    "коррупция",
    "медицина",
    "образование",
    "общественный транспорт",
    "полиция",
    "соцподдержка",
    "экология"
  ],
  "confusion_matrix": [
    [
      24,
      1,
      0,
      0,
      0,
      0,
      0,
      0,
      0,
      0
    ],
    [
      0,
      20,
      0,
      0,
      0,
      2,
      0,
      1,
      0,
      1
    ],
    [
      0,
      0,
      24,
      0,
      0,
      0,
      0,
      0,
      0,
      0
    ],
    [
      0,
      0,
      0,
      14,
      1,
      5,
      0,
      2,
      1,
      0
    ],
    [
      0,
      0,
      0,
      0,
      24,
      0,
      0,
      0,
      0,
      0
    ],
    [
      0,
      1,
      0,
      0,
      0,
      23,
      0,
      0,
      0,
      0
    ],
    [
      0,
      2,
      0,
      0,
      0,
      0,
      22,
      0,
      0,
      0
    ],
    [
      0,
      0,
      0,
      0,
      0,
      0,
      0,
      23,
      1,
      0
    ],
    [
      0,
      0,
      0,
      1,
      0,
      0,
      1,
      0,
      22,
      0
    ],
    [
      0,
      1,
      0,
      0,
      0,
      0,
      0,
      0,
      0,
      23
    ]
  ]
}