{
  "model_name": "Linear SVM",
  "main_metrics": {
    "accuracy": 0.3333333333333333,
    "precision_weighted": 0.1111111111111111,
    "recall_weighted": 0.3333333333333333,
    "f1_weighted": 0.16666666666666666,
    "precision_macro": 0.1111111111111111,
    "recall_macro": 0.3333333333333333,
    "f1_macro": 0.16666666666666666
  },
  "classification_report": {
    "политика": {
      "precision": 0.3333333333333333,
      "recall": 1.0,
      "f1-score": 0.5,
      "support": 1.0
    },
    "спорт": {
      "precision": 0.0,
      "recall": 0.0,
      "f1-score": 0.0,
      "support": 1.0
    },
    "технологии": {
      "precision": 0.0,
      "recall": 0.0,
      "f1-score": 0.0,
      "support": 1.0
    },
    "accuracy": 0.3333333333333333,
    "macro avg": {
      "precision": 0.1111111111111111,
      "recall": 0.3333333333333333,
      "f1-score": 0.16666666666666666,
      "support": 3.0
    },
    "weighted avg": {
      "precision": 0.1111111111111111,
      "recall": 0.3333333333333333,
      "f1-score": 0.16666666666666666,
      "support": 3.0
    }
  },
  "class_names": [
    "политика",
    "спорт",
    "технологии"
  ],
  "confusion_matrix": [
    [
      1,
      0,
      0
    ],
    [
      1,
      0,
      0
    ],
    [
      1,
      0,
      0
    ]
  ]
}