{
  "model_name": "Logistic Regression",
  "main_metrics": {
    "accuracy": 0.9,
    "precision_weighted": 0.9060483827263719,
    "recall_weighted": 0.9,
    "f1_weighted": 0.898909182917773,
    "precision_macro": 0.906250929022668,
    "recall_macro": 0.8987173913043478,
    "f1_macro": 0.8982681572767472
  },
  "classification_report": {
    "ЖКХ": {
      "precision": 0.8888888888888888,
      "recall": 0.96,
      "f1-score": 0.923076923076923,
      "support": 25.0
    },
    "дороги": {
      "precision": 0.8,
      "recall": 0.8333333333333334,
      "f1-score": 0.816326530612245,
      "support": 24.0
    },
    "интернет": {
      "precision": 1.0,
      "recall": 0.9583333333333334,
      "f1-score": 0.9787234042553191,
      "support": 24.0
    },
    "коррупция": {
      "precision": 0.9375,
      "recall": 0.6521739130434783,
      "f1-score": 0.7692307692307693,
      "support": 23.0
    },
    "медицина": {
      "precision": 0.9230769230769231,
      "recall": 1.0,
      "f1-score": 0.9600000000000001,
      "support": 24.0
    },
    "образование": {
      "precision": 0.7666666666666667,
      "recall": 0.9583333333333334,
      "f1-score": 0.8518518518518519,
      "support": 24.0
    },
    "общественный транспорт": {
      "precision": 1.0,
      "recall": 0.9166666666666666,
      "f1-score": 0.9565217391304348,
      "support": 24.0
    },
    "полиция": {
      "precision": 0.9166666666666666,
      "recall": 0.9166666666666666,
      "f1-score": 0.9166666666666666,
      "support": 24.0
    },
    "соцподдержка": {
      "precision": 0.9130434782608695,
      "recall": 0.875,
      "f1-score": 0.8936170212765957,
      "support": 24.0
    },
    "экология": {
      "precision": 0.9166666666666666,
      "recall": 0.9166666666666666,
      "f1-score": 0.9166666666666666,
      "support": 24.0
    },
    "accuracy": 0.9,
    "macro avg": {
      "precision": 0.906250929022668,
      "recall": 0.8987173913043478,
      "f1-score": 0.8982681572767472,
      "support": 240.0
    },
    "weighted avg": {
      "precision": 0.9060483827263719,
      "recall": 0.9,
      "f1-score": 0.898909182917773,
      "support": 240.0
    }
  },
  "class_names": [
    "ЖКХ",
    "дороги",
    "интернет",
    "коррупция",
    "медицина",
    "образование",
    "общественный транспорт",
    "полиция",
    "соцподдержка",
    "экология"
  ],
  "confusion_matrix": [
    [
      24,
      1,
      0,
      0,
      0,
      0,
      0,
      0,
      0,
      0
    ],
    [
      1,
      20,
      0,
      0,
      0,
      2,
      0,
      0,
      0,
      1
    ],
    [
      0,
      1,
      23,
      0,
      0,
      0,
      0,
      0,
      0,
      0
    ],
    [
      0,
      0,
      0,
      15,
      1,
      4,
      0,
      2,
      1,
      0
    ],
    [
      0,
      0,
      0,
      0,
      24,
      0,
      0,
      0,
      0,
      0
    ],
    [
      0,
      1,
      0,
      0,
      0,
      23,
      0,
      0,
      0,
      0
    ],
    [
      0,
      2,
      0,
      0,
      0,
      0,
      22,
      0,
      0,
      0
    ],
    [
      0,
      0,
      0,
      0,
      0,
      0,
      0,
      22,
      1,
      1
    ],
    [
      0,
      0,
      0,
      1,
      1,
      1,
      0,
      0,
      21,
      0
    ],
    [
      2,
      0,
      0,
      0,
      0,
      0,
      0,
      0,
      0,
      22
    ]
  ]
}