{
  "model_name": "Naive Bayes",
  "main_metrics": {
    "accuracy": 0.9,
    "precision_weighted": 0.9147415802588216,
    "recall_weighted": 0.9,
    "f1_weighted": 0.8934126493914486,
    "precision_macro": 0.9149082469254883,
    "recall_macro": 0.8978115942028986,
    "f1_macro": 0.8919379019167011
  },
  "classification_report": {
    "ЖКХ": {
      "precision": 0.96,
      "recall": 0.96,
      "f1-score": 0.96,
      "support": 25.0
    },
    "дороги": {
      "precision": 0.9090909090909091,
      "recall": 0.8333333333333334,
      "f1-score": 0.8695652173913043,
      "support": 24.0
    },
    "интернет": {
      "precision": 1.0,
      "recall": 1.0,
      "f1-score": 1.0,
      "support": 24.0
    },
    "коррупция": {
      "precision": 1.0,
      "recall": 0.43478260869565216,
      "f1-score": 0.6060606060606061,
      "support": 23.0
    },
    "медицина": {
      "precision": 0.7931034482758621,
      "recall": 0.9583333333333334,
      "f1-score": 0.8679245283018867,
      "support": 24.0
    },
    "образование": {
      "precision": 0.7272727272727273,
      "recall": 1.0,
      "f1-score": 0.8421052631578948,
      "support": 24.0
    },
    "общественный транспорт": {
      "precision": 1.0,
      "recall": 0.9583333333333334,
      "f1-score": 0.9787234042553191,
      "support": 24.0
    },
    "полиция": {
      "precision": 0.8846153846153846,
      "recall": 0.9583333333333334,
      "f1-score": 0.9199999999999999,
      "support": 24.0
    },
    "соцподдержка": {
      "precision": 0.9166666666666666,
      "recall": 0.9166666666666666,
      "f1-score": 0.9166666666666666,
      "support": 24.0
    },
    "экология": {
      "precision": 0.9583333333333334,
      "recall": 0.9583333333333334,
      "f1-score": 0.9583333333333334,
      "support": 24.0
    },
    "accuracy": 0.9,
    "macro avg": {
      "precision": 0.9149082469254883,
      "recall": 0.8978115942028986,
      "f1-score": 0.8919379019167011,
      "support": 240.0
    },
    "weighted avg": {
      "precision": 0.9147415802588216,
      "recall": 0.9,
      "f1-score": 0.8934126493914486,
      "support": 240.0
    }
  },
  "class_names": [
    "ЖКХ",
    "дороги",
    "интернет",
    "коррупция",
    "медицина",
    "образование",
    "общественный транспорт",
    "полиция",
    "соцподдержка",
    "экология"
  ],
  "confusion_matrix": [
    [
      24,
      1,
      0,
      0,
      0,
      0,
      0,
      0,
      0,
      0
    ],
    [
      1,
      20,
      0,
      0,
      0,
      3,
      0,
      0,
      0,
      0
    ],
    [
      0,
      0,
      24,
      0,
      0,
      0,
      0,
      0,
      0,
      0
    ],
    [
      0,
      0,
      0,
      10,
      5,
      5,
      0,
      2,
      1,
      0
    ],
    [
      0,
      0,
      0,
      0,
      23,
      0,
      0,
      1,
      0,
      0
    ],
    [
      0,
      0,
      0,
      0,
      0,
      24,
      0,
      0,
      0,
      0
    ],
    [
      0,
      0,
      0,
      0,
      0,
      0,
      23,
      0,
      0,
      1
    ],
    [
      0,
      0,
      0,
      0,
      0,
      0,
      0,
      23,
      1,
      0
    ],
    [
      0,
      0,
      0,
      0,
      1,
      1,
      0,
      0,
      22,
      0
    ],
    [
      0,
      1,
      0,
      0,
      0,
      0,
      0,
      0,
      0,
      23
    ]
  ]
}